{
  "MAE": 29.659664863452576,
  "MSE": 1033.1359527994994,
  "RMSE": 32.14243227883508,
  "MAPE": 13.261325507581434,
  "R2": -2.802552093409711
}